DATE,PCE_PC1,CPIAUCSL_PC1,CPILFESL_PC1
1960-01-01,5.71709,1.24095,2.00669
1960-02-01,5.07106,1.41379,2.34114
1960-03-01,5.59642,1.51881,2.00000
1960-04-01,7.78347,1.93237,2.00000
1960-05-01,4.39734,1.82507,1.66113
1960-06-01,3.73979,1.71762,1.65563
1960-07-01,4.27942,1.37221,1.32450
1960-08-01,3.56027,1.47361,1.32450
1960-09-01,2.83775,1.23077,0.99010
1960-10-01,3.90335,1.36286,1.31579
1960-11-01,3.87117,1.46508,1.31579
1960-12-01,2.60142,1.36008,0.65574
1961-01-01,2.65760,1.60027,0.98361
1961-02-01,2.58223,1.46209,0.65359
1961-03-01,2.27135,1.46209,0.98039
1961-04-01,0.32689,0.91401,0.98039
1961-05-01,3.00000,0.91309,0.98039
1961-06-01,3.27174,0.77676,0.97720
1961-07-01,2.77610,1.25212,1.30719
1961-08-01,3.16647,1.11449,1.63399
1961-09-01,3.29934,1.24958,1.63399
1961-10-01,3.30948,0.77311,0.97403
1961-11-01,4.32320,0.67159,1.29870
1961-12-01,6.36885,0.67092,1.62866
1962-01-01,6.32149,0.67024,1.29870
1962-02-01,6.08331,0.90483,1.29870
1962-03-01,5.83358,1.10590,1.29450
1962-04-01,6.33886,1.34183,1.29450
1962-05-01,6.50191,1.34048,1.61812
1962-06-01,5.72015,1.23995,1.29032
1962-07-01,6.10687,1.00267,1.29032
1962-08-01,6.08009,1.13560,1.28617
1962-09-01,7.08479,1.46765,1.28617
1962-10-01,5.77201,1.33422,1.28617
1962-11-01,6.23035,1.33422,0.96154
1962-12-01,6.01589,1.23292,1.28205
1963-01-01,6.00227,1.33156,0.96154
1963-02-01,5.48023,1.22883,1.28205
1963-03-01,4.92445,1.12695,1.27796
1963-04-01,4.84680,0.89374,1.27796
1963-05-01,4.19890,0.89286,0.95541
1963-06-01,5.91010,1.32406,1.27389
1963-07-01,6.36414,1.55526,1.27389
1963-08-01,6.44806,1.55218,1.26984
1963-09-01,4.52820,0.98619,1.26984
1963-10-01,5.32060,1.21791,1.58730
1963-11-01,4.76190,1.31666,1.58730
1963-12-01,5.64775,1.64582,1.58228
1964-01-01,5.98291,1.64258,2.22222
1964-02-01,7.17729,1.41076,1.89873
1964-03-01,7.14667,1.40937,1.57729
1964-04-01,7.01382,1.54199,1.57729
1964-05-01,8.27147,1.54048,1.57729
1964-06-01,7.78098,1.30676,1.57233
1964-07-01,7.93444,1.07527,1.57233
1964-08-01,8.12840,0.97561,1.25392
1964-09-01,8.06744,1.17188,1.25392
1964-10-01,8.70466,1.20325,1.25000
1964-11-01,6.93374,1.39701,1.56250
1964-12-01,6.66329,1.19819,1.24611
1965-01-01,6.95565,1.09890,1.24224
1965-02-01,7.79610,1.19702,1.24224
1965-03-01,7.83972,1.19586,1.24224
1965-04-01,8.51539,1.38934,1.55280
1965-05-01,7.14985,1.61394,1.55280
1965-06-01,5.78512,1.93486,1.23839
1965-07-01,6.29067,1.80529,1.23839
1965-08-01,6.39215,1.61031,1.23839
1965-09-01,8.49736,1.73745,1.54799
1965-10-01,9.27073,1.70308,1.23457
1965-11-01,10.25456,1.73021,1.23077
1965-12-01,9.66746,1.92000,1.53846
1966-01-01,9.61357,1.91816,1.22699
1966-02-01,8.99397,2.55754,1.53374
1966-03-01,9.62382,2.77866,1.53374
1966-04-01,9.10547,2.86807,1.83486
1966-05-01,8.11243,2.76366,2.14067
1966-06-01,9.26011,2.43594,2.44648
1966-07-01,8.97959,2.75491,2.75229
1966-08-01,8.73087,3.48653,3.05810
1966-09-01,8.23009,3.57369,3.04878
1966-10-01,6.49945,3.79147,3.65854
1966-11-01,6.75234,3.55906,3.34347
1966-12-01,6.51938,3.35950,3.33333
1967-01-01,6.23388,3.19950,3.63636
1967-02-01,4.84900,2.86783,3.32326
1967-03-01,4.37895,2.54817,3.62538
1967-04-01,5.11638,2.54027,3.30330
1967-05-01,6.15092,2.31839,3.29341
1967-06-01,6.58254,2.84126,3.28358
1967-07-01,5.43071,2.92758,3.27381
1967-08-01,5.50497,2.60337,3.56083
1967-09-01,5.39657,2.59542,3.55030
1967-10-01,4.89453,2.58752,3.23529
1967-11-01,5.57029,3.10219,3.52941
1967-12-01,6.77105,3.28068,3.81232
1968-01-01,7.42614,3.64742,3.80117
1968-02-01,8.23529,3.63636,4.38596
1968-03-01,9.78217,3.93939,4.37318
1968-04-01,8.51785,3.92749,4.36047
1968-05-01,9.47830,4.22961,4.34783
1968-06-01,9.76717,4.20420,4.62428
1968-07-01,11.15058,4.49102,4.89914
1968-08-01,11.22009,4.47761,4.58453
1968-09-01,10.20171,4.46429,4.85714
1968-10-01,11.59703,4.74777,5.12821
1968-11-01,11.46115,4.42478,5.39773
1968-12-01,9.78861,4.70588,5.08475
1969-01-01,9.90770,4.69208,5.07042
1969-02-01,10.32609,4.67836,5.32213
1969-03-01,8.19401,5.24781,5.58659
1969-04-01,9.17279,5.52326,6.12813
1969-05-01,9.18516,5.50725,5.83333
1969-06-01,8.01726,5.47550,5.80110
1969-07-01,7.01349,5.44413,5.76923
1969-08-01,7.56614,5.42857,6.02740
1969-09-01,7.91975,5.69801,5.99455
1969-10-01,8.20504,5.66572,5.96206
1969-11-01,7.59494,5.93220,5.66038
1969-12-01,8.03122,5.89888,5.91398
1970-01-01,7.74636,6.16246,6.16622
1970-02-01,7.69492,6.42458,5.85106
1970-03-01,7.36967,6.09418,6.08466
1970-04-01,7.08874,6.06061,6.03675
1970-05-01,7.01316,6.04396,6.29921
1970-06-01,7.55533,6.01093,6.52742
1970-07-01,7.59914,5.70652,6.23377
1970-08-01,7.05034,5.69106,6.20155
1970-09-01,7.48532,5.66038,6.16967
1970-10-01,6.43492,5.63003,6.13811
1970-11-01,5.81789,5.60000,6.63265
1970-12-01,6.87219,5.57029,6.59898
1971-01-01,7.53937,5.27704,6.31313
1971-02-01,7.16088,4.72441,6.03015
1971-03-01,7.86019,4.43864,5.23691
1971-04-01,8.30189,4.15584,4.95050
1971-05-01,7.58095,4.40415,5.18519
1971-06-01,8.27789,4.38144,4.90196
1971-07-01,7.77178,4.37018,4.88998
1971-08-01,7.96447,4.35897,4.62287
1971-09-01,8.17782,4.08163,4.11622
1971-10-01,8.73462,3.80711,3.85542
1971-11-01,9.79287,3.53535,3.34928
1971-12-01,9.43510,3.26633,3.09524
1972-01-01,8.19405,3.25815,3.32542
1972-02-01,8.36032,3.75940,3.31754
1972-03-01,9.85337,3.50000,3.31754
1972-04-01,9.24797,3.49127,3.30189
1972-05-01,9.68022,3.22581,3.05164
1972-06-01,8.83109,2.96296,2.80374
1972-07-01,10.15882,2.95567,2.79720
1972-08-01,10.12910,2.94840,3.02326
1972-09-01,9.55119,3.18627,3.02326
1972-10-01,11.05057,3.17848,3.01624
1972-11-01,11.04175,3.41463,2.77778
1972-12-01,10.66722,3.40633,3.00231
1973-01-01,11.61996,3.64078,2.52874
1973-02-01,12.17061,3.86473,2.75229
1973-03-01,11.15857,4.83092,3.21101
1973-04-01,11.05648,5.30120,2.96804
1973-05-01,11.02902,5.52885,3.18907
1973-06-01,10.85872,5.99520,3.18182
1973-07-01,10.93649,5.74163,3.17460
1973-08-01,9.91885,7.39857,3.16027
1973-09-01,11.27897,7.36342,3.83747
1973-10-01,9.22129,8.05687,4.27928
1973-11-01,9.54403,8.25472,4.72973
1973-12-01,8.74581,8.94118,4.70852
1974-01-01,8.32823,9.60187,5.15695
1974-02-01,7.73795,10.00000,5.35714
1974-03-01,8.23727,10.13825,5.77778
1974-04-01,8.98648,10.06865,6.20843
1974-05-01,9.60076,10.70615,7.06402
1974-06-01,9.91354,10.85973,7.92952
1974-07-01,9.81150,11.53846,8.79121
1974-08-01,11.89500,10.88889,9.84683
1974-09-01,9.88265,11.94690,10.21739
1974-10-01,10.48146,11.84211,10.58315
1974-11-01,9.04322,12.20044,10.96774
1974-12-01,9.71937,12.09503,11.34904
1975-01-01,10.29960,11.75214,11.51386
1975-02-01,11.20602,11.20507,11.86441
1975-03-01,9.89572,10.46025,11.34454
1975-04-01,9.24462,10.18711,11.27349
1975-05-01,10.46184,9.25926,10.30928
1975-06-01,10.64655,9.18367,9.79592
1975-07-01,10.86470,9.53347,9.09091
1975-08-01,9.65647,8.61723,7.96813
1975-09-01,10.43870,7.90514,7.49507
1975-10-01,10.60259,7.64706,7.03125
1975-11-01,12.50784,7.37864,6.97674
1975-12-01,13.54752,7.12909,6.73077
1976-01-01,13.47888,6.69216,6.88337
1976-02-01,11.95674,6.27376,6.43939
1976-03-01,12.54795,6.06061,6.60377
1976-04-01,13.10553,5.84906,6.37899
1976-05-01,10.18746,6.21469,6.54206
1976-06-01,11.07324,5.98131,6.31970
1976-07-01,10.55972,5.55556,6.66667
1976-08-01,10.60172,5.71956,6.82657
1976-09-01,10.80774,5.49451,6.78899
1976-10-01,10.92469,5.46448,6.75182
1976-11-01,10.52240,5.06329,6.34058
1976-12-01,10.93306,5.03597,6.12613
1977-01-01,9.74618,5.19713,6.08229
1977-02-01,11.15826,6.08229,6.22776
1977-03-01,11.06826,6.42857,6.19469
1977-04-01,10.83170,6.95187,6.34921
1977-05-01,11.97114,6.73759,6.31579
1977-06-01,10.79351,6.70194,6.64336
1977-07-01,11.38657,6.66667,6.25000
1977-08-01,11.02763,6.63176,6.21762
1977-09-01,10.75462,6.42361,6.18557
1977-10-01,11.43780,6.39033,5.98291
1977-11-01,11.60639,6.71256,6.13288
1977-12-01,10.27652,6.67808,6.45161
1978-01-01,9.42387,6.81431,6.40809
1978-02-01,10.05441,6.23946,6.19765
1978-03-01,11.24122,6.37584,6.33333
1978-04-01,11.95382,6.50000,6.63350
1978-05-01,12.32201,7.14286,6.76568
1978-06-01,12.83634,7.43802,6.88525
1978-07-01,11.42522,7.73026,7.18954
1978-08-01,12.54569,7.85597,7.47967
1978-09-01,12.23638,8.48287,7.92880
1978-10-01,11.85756,8.92857,8.38710
1978-11-01,11.57498,8.87097,8.50722
1978-12-01,12.01347,8.98876,8.45295
1979-01-01,13.00489,9.25040,8.55784
1979-02-01,12.00649,9.84127,9.14826
1979-03-01,11.15789,10.25237,9.40439
1979-04-01,10.16901,10.48513,9.33126
1979-05-01,10.39660,10.69767,9.42813
1979-06-01,10.51340,11.07692,9.35583
1979-07-01,11.16484,11.45038,9.60366
1979-08-01,11.65169,11.83612,9.98487
1979-09-01,12.45784,11.87970,9.89505
1979-10-01,11.90947,12.07154,10.11905
1979-11-01,11.93435,12.59259,10.65089
1979-12-01,11.34648,13.25479,11.32353
1980-01-01,12.97258,13.86861,11.97080
1980-02-01,12.09646,14.16185,11.99422
1980-03-01,11.55956,14.59227,12.60745
1980-04-01,10.19241,14.58924,13.08677
1980-05-01,9.06467,14.42577,13.13559
1980-06-01,9.08168,14.26593,13.60449
1980-07-01,10.15068,13.15068,12.37830
1980-08-01,9.17306,12.89009,11.82944
1980-09-01,8.97240,12.76882,12.00546
1980-10-01,10.69079,12.63298,12.16216
1980-11-01,10.22748,12.63158,12.16578
1980-12-01,11.12645,12.35371,12.15324
1981-01-01,10.17498,11.79487,11.34289
1981-02-01,10.74409,11.39241,10.83871
1981-03-01,11.39796,10.61174,9.92366
1981-04-01,12.34073,10.13597,9.43396
1981-05-01,12.56985,9.79192,9.61298
1981-06-01,12.54945,9.69697,9.38272
1981-07-01,11.16135,10.77482,11.13861
1981-08-01,11.49790,10.81731,11.56212
1981-09-01,10.39034,10.96544,11.81486
1981-10-01,8.07881,10.27155,10.96386
1981-11-01,7.87169,9.57944,10.25030
1981-12-01,7.40401,8.91204,9.54064
1982-01-01,6.79679,8.25688,9.25059
1982-02-01,7.27099,7.61364,9.19674
1982-03-01,6.36923,6.88488,8.68056
1982-04-01,6.40097,6.62177,8.85057
1982-05-01,6.82934,6.91193,8.65604
1982-06-01,5.87232,7.18232,8.46501
1982-07-01,6.69893,6.55738,7.68374
1982-08-01,5.77138,5.96529,7.05623
1982-09-01,7.07708,4.94092,5.88235
1982-10-01,8.24380,5.03212,5.86319
1982-11-01,9.06830,4.47761,5.18919
1982-12-01,8.68866,3.82572,4.51613
1983-01-01,8.85784,3.70763,4.60879
1983-02-01,7.70829,3.48469,4.47761
1983-03-01,8.82862,3.59029,4.57934
1983-04-01,9.87514,4.00000,4.11827
1983-05-01,9.85082,3.44108,3.66876
1983-06-01,11.12739,2.47423,3.22581
1983-07-01,11.20548,2.35897,3.20579
1983-08-01,11.55233,2.45650,3.08960
1983-09-01,10.94270,2.76356,3.39506
1983-10-01,10.90413,2.75229,3.58974
1983-11-01,10.09631,3.16327,4.31655
1983-12-01,10.73279,3.78710,4.73251
1984-01-01,11.28795,4.29009,5.02049
1984-02-01,10.40423,4.69388,4.89796
1984-03-01,10.38678,4.89297,5.09165
1984-04-01,10.37999,4.55466,5.17241
1984-05-01,10.17855,4.33468,5.25784
1984-06-01,9.64851,4.32596,5.34274
1984-07-01,8.25378,4.30862,5.21042
1984-08-01,8.26582,4.29570,5.29471
1984-09-01,8.51857,4.28287,5.27363
1984-10-01,7.36766,4.26587,5.14851
1984-11-01,8.66754,4.15430,4.82759
1984-12-01,7.89606,4.04339,4.91159
1985-01-01,8.24171,3.52595,4.48780
1985-02-01,9.87310,3.60624,4.76654
1985-03-01,8.92005,3.79009,4.74806
1985-04-01,8.21974,3.58180,4.53230
1985-05-01,8.96747,3.57488,4.51489
1985-06-01,7.76567,3.66442,4.40191
1985-07-01,8.86314,3.45821,4.19048
1985-08-01,9.54940,3.35249,4.17457
1985-09-01,10.29679,3.24737,3.96975
1985-10-01,8.86896,3.23501,4.04896
1985-11-01,7.76620,3.51377,4.41729
1985-12-01,8.85542,3.79147,4.30712
1986-01-01,7.95402,3.97351,4.48179
1986-02-01,6.79340,3.19849,4.17827
1986-03-01,6.61129,2.15356,4.07031
1986-04-01,6.60650,1.58879,4.15129
1986-05-01,5.97463,1.67910,3.95221
1986-06-01,6.40663,1.76744,3.94134
1986-07-01,6.09419,1.67131,4.02194
1986-08-01,5.32321,1.57553,4.00729
1986-09-01,6.33700,1.75763,4.18182
1986-10-01,6.42645,1.56682,4.07240
1986-11-01,5.67645,1.28440,3.78038
1986-12-01,6.60904,1.18721,3.77020
1987-01-01,3.83432,1.36488,3.57462
1987-02-01,6.43571,1.91431,3.56506
1987-03-01,6.71837,2.84143,3.64444
1987-04-01,7.18115,3.67985,3.89725
1987-05-01,6.68066,3.66972,4.06720
1987-06-01,7.37673,3.74771,3.96825
1987-07-01,7.41011,3.92694,3.95431
1987-08-01,8.01076,4.28832,3.94046
1987-09-01,5.20560,4.27273,4.01396
1987-10-01,6.87374,4.35572,4.17391
1987-11-01,7.36921,4.52899,4.16305
1987-12-01,5.90571,4.33213,4.15225
1988-01-01,9.47709,4.12926,4.31406
1988-02-01,7.31919,3.93560,4.30293
1988-03-01,8.20363,3.83244,4.37393
1988-04-01,7.37791,3.99290,4.26257
1988-05-01,8.04356,3.98230,4.24809
1988-06-01,7.99596,3.96476,4.49534
1988-07-01,8.01370,4.13005,4.48014
1988-08-01,7.57634,4.11199,4.46504
1988-09-01,7.94818,4.18483,4.61409
1988-10-01,8.90732,4.26087,4.50751
1988-11-01,9.09611,4.24610,4.57952
1988-12-01,8.99783,4.41176,4.65116
1989-01-01,8.40153,4.48276,4.63193
1989-02-01,8.27590,4.64716,4.70297
1989-03-01,7.30869,4.89270,4.68365
1989-04-01,8.58106,5.03413,4.49714
1989-05-01,7.83945,5.27660,4.56398
1989-06-01,7.47627,5.16949,4.54545
1989-07-01,7.26957,5.06329,4.53074
1989-08-01,7.50000,4.62185,4.43548
1989-09-01,7.31556,4.43515,4.17001
1989-10-01,6.44169,4.58716,4.31310
1989-11-01,6.21247,4.65503,4.37898
1989-12-01,6.48900,4.63960,4.44444
1990-01-01,7.09016,5.19802,4.42688
1990-02-01,6.88647,5.26316,4.57053
1990-03-01,7.31965,5.23732,4.78807
1990-04-01,6.40700,4.71162,4.85133
1990-05-01,6.30666,4.36540,4.75448
1990-06-01,6.67022,4.67365,4.89130
1990-07-01,6.58170,4.81928,5.10836
1990-08-01,6.28901,5.70281,5.48263
1990-09-01,6.85276,6.16987,5.54273
1990-10-01,6.52246,6.37959,5.35988
1990-11-01,6.27453,6.19539,5.26316
1990-12-01,4.80701,6.25495,5.31915
1991-01-01,2.95655,5.64706,5.60182
1991-02-01,3.71493,5.31250,5.65185
1991-03-01,4.21050,4.82115,5.24345
1991-04-01,3.63660,4.80993,5.14925
1991-05-01,4.16865,5.03486,5.13393
1991-06-01,3.57471,4.69592,4.95929
1991-07-01,3.77581,4.36782,4.78645
1991-08-01,3.13905,3.79939,4.61201
1991-09-01,2.96116,3.39623,4.59519
1991-10-01,2.72309,2.84858,4.43314
1991-11-01,3.40143,3.06657,4.49275
1991-12-01,4.12296,2.98063,4.40115
1992-01-01,6.34470,2.67261,4.01434
1992-02-01,6.02064,2.81899,3.70899
1992-03-01,5.21339,3.18991,3.84342
1992-04-01,5.74339,3.18283,3.83251
1992-05-01,5.72562,3.02360,3.89243
1992-06-01,6.00431,3.01471,3.73766
1992-07-01,6.02118,3.15712,3.72453
1992-08-01,6.34401,3.07467,3.49895
1992-09-01,6.79098,2.99270,3.27755
1992-10-01,7.76408,3.27988,3.54906
1992-11-01,7.41583,3.12046,3.46741
1992-12-01,7.85723,2.96671,3.38632
1993-01-01,6.26729,3.25380,3.44590
1993-02-01,6.23979,3.24675,3.57634
1993-03-01,5.72018,3.01941,3.35846
1993-04-01,6.33910,3.15638,3.48599
1993-05-01,6.34860,3.22119,3.40599
1993-06-01,6.29384,2.99786,3.39905
1993-07-01,6.28092,2.84698,3.18428
1993-08-01,6.16456,2.84091,3.31305
1993-09-01,6.02073,2.76400,3.24105
1993-10-01,5.79037,2.75229,3.09140
1993-11-01,5.89699,2.74455,3.15013
1993-12-01,5.41232,2.81096,3.14171
1994-01-01,5.63043,2.45098,2.93138
1994-02-01,6.36696,2.51572,2.78884
1994-03-01,6.74325,2.65178,2.98408
1994-04-01,6.32084,2.36439,2.70806
1994-05-01,5.58746,2.28849,2.70092
1994-06-01,6.05631,2.49480,2.82709
1994-07-01,5.63226,2.69896,2.88903
1994-08-01,6.28194,2.90055,2.81414
1994-09-01,5.84063,2.96552,3.00850
1994-10-01,6.17940,2.60989,2.86832
1994-11-01,5.96166,2.60274,2.79402
1994-12-01,5.91761,2.59740,2.59235
1995-01-01,5.80358,2.87081,2.91262
1995-02-01,4.71010,2.86299,2.97158
1995-03-01,5.15282,2.78722,2.96201
1995-04-01,4.69054,3.12500,3.15113
1995-05-01,5.64514,3.11864,3.07890
1995-06-01,5.70409,3.04260,3.00512
1995-07-01,5.28746,2.83019,2.99936
1995-08-01,5.09596,2.61745,2.99173
1995-09-01,5.14136,2.54521,2.98413
1995-10-01,4.17628,2.74431,3.10520
1995-11-01,4.76625,2.60347,3.03413
1995-12-01,5.28544,2.53165,3.03222
1996-01-01,4.83386,2.79070,2.95597
1996-02-01,5.81347,2.71703,2.88582
1996-03-01,5.89307,2.84392,2.81426
1996-04-01,6.49871,2.83267,2.61845
1996-05-01,5.89285,2.82709,2.67579
1996-06-01,5.06881,2.82152,2.66915
1996-07-01,5.66778,2.88336,2.66419
1996-08-01,5.38829,2.81230,2.59580
1996-09-01,5.49945,3.00457,2.65105
1996-10-01,6.27456,3.06189,2.51998
1996-11-01,5.84698,3.25309,2.57669
1996-12-01,5.51447,3.37882,2.63642
1997-01-01,6.39833,3.03814,2.50458
1997-02-01,5.86814,3.03226,2.50000
1997-03-01,5.42980,2.76527,2.43309
1997-04-01,4.82527,2.43434,2.61239
1997-05-01,4.52544,2.23785,2.54545
1997-06-01,5.05564,2.23357,2.41838
1997-07-01,5.65319,2.16561,2.41400
1997-08-01,5.91469,2.29008,2.28916
1997-09-01,5.76030,2.21940,2.22222
1997-10-01,5.80276,2.08597,2.27818
1997-11-01,5.79122,1.89036,2.15311
1997-12-01,5.82865,1.69705,2.27001
1998-01-01,5.15237,1.63112,2.26460
1998-02-01,5.33309,1.44020,2.26056
1998-03-01,5.42884,1.37672,2.25653
1998-04-01,6.02275,1.43840,2.13144
1998-05-01,6.91733,1.68856,2.18676
1998-06-01,6.87088,1.62297,2.24321
1998-07-01,6.14908,1.74564,2.23925
1998-08-01,6.04976,1.61692,2.47350
1998-09-01,6.49624,1.42680,2.35018
1998-10-01,6.40509,1.48607,2.22743
1998-11-01,6.25850,1.48423,2.34192
1998-12-01,6.64781,1.60692,2.45327
1999-01-01,6.74880,1.66667,2.33100
1999-02-01,6.55858,1.66667,2.15241
1999-03-01,6.65530,1.72840,2.03252
1999-04-01,7.10769,2.28113,2.20290
1999-05-01,6.75243,2.09102,2.08213
1999-06-01,6.61819,1.96560,1.96305
1999-07-01,6.75042,2.14461,2.07493
1999-08-01,6.86751,2.26438,1.89655
1999-09-01,7.05545,2.62997,2.06659
1999-10-01,6.87804,2.56254,2.12156
1999-11-01,7.20318,2.62035,2.05950
1999-12-01,7.75060,2.67640,1.88141
2000-01-01,7.72156,2.79296,2.10706
2000-02-01,8.62572,3.21797,2.16401
2000-03-01,9.02495,3.76214,2.44735
2000-04-01,7.73611,3.01386,2.26886
2000-05-01,7.66355,3.13253,2.37960
2000-06-01,7.77279,3.73494,2.54813
2000-07-01,7.64839,3.59928,2.48447
2000-08-01,7.43695,3.35129,2.59447
2000-09-01,7.86190,3.45650,2.53093
2000-10-01,7.52410,3.45033,2.52667
2000-11-01,7.15028,3.44418,2.63453
2000-12-01,6.28650,3.43602,2.57415
2001-01-01,6.79362,3.72120,2.56553
2001-02-01,5.68276,3.52941,2.78707
2001-03-01,4.63920,2.98246,2.61111
2001-04-01,4.86742,3.21826,2.66223
2001-05-01,5.11349,3.56308,2.54566
2001-06-01,4.78442,3.19396,2.70569
2001-07-01,4.63618,2.72148,2.69972
2001-08-01,4.68778,2.72148,2.63881
2001-09-01,1.71878,2.59217,2.63302
2001-10-01,4.62880,2.12766,2.62870
2001-11-01,3.94367,1.89437,2.73075
2001-12-01,3.08535,1.60367,2.78232
2002-01-01,2.82222,1.19590,2.61011
2002-02-01,3.19061,1.13636,2.54881
2002-03-01,3.52595,1.36286,2.43638
2002-04-01,4.40164,1.64399,2.48514
2002-05-01,3.34761,1.24083,2.53643
2002-06-01,3.57582,1.06922,2.25806
2002-07-01,4.30651,1.46561,2.19957
2002-08-01,4.08470,1.74746,2.35672
2002-09-01,5.48737,1.51600,2.24479
2002-10-01,3.08198,2.02703,2.18783
2002-11-01,3.91936,2.25352,2.02020
2002-12-01,4.92835,2.48027,1.96391
2003-01-01,4.96479,2.75746,1.96078
2003-02-01,4.47600,3.14607,1.79799
2003-03-01,5.08187,3.02521,1.74419
2003-04-01,4.40342,2.17513,1.47601
2003-05-01,4.95822,1.89415,1.52632
2003-06-01,5.14988,1.94878,1.47213
2003-07-01,5.00453,2.05556,1.52231
2003-08-01,5.92909,2.21607,1.30822
2003-09-01,6.25313,2.37832,1.25457
2003-10-01,5.81289,2.04194,1.30548
2003-11-01,6.14700,1.92837,1.09432
2003-12-01,5.72481,2.03520,1.09318
2004-01-01,6.17665,2.02629,1.14345
2004-02-01,6.51512,1.68845,1.24675
2004-03-01,6.40215,1.74008,1.55844
2004-04-01,6.19163,2.29258,1.76623
2004-05-01,6.87816,2.89776,1.71073
2004-06-01,5.94836,3.16767,1.86528
2004-07-01,6.18667,2.93958,1.75801
2004-08-01,5.34252,2.54743,1.70455
2004-09-01,6.21109,2.53917,1.96180
2004-10-01,6.73285,3.19091,2.01031
2004-11-01,6.58748,3.62162,2.21649
2004-12-01,6.96820,3.34232,2.26571
2005-01-01,6.12706,2.84487,2.26105
2005-02-01,6.45117,3.05303,2.30888
2005-03-01,6.16882,3.20684,2.35294
2005-04-01,7.04559,3.36179,2.19500
2005-05-01,6.05516,2.86929,2.19164
2005-06-01,7.30362,2.54103,2.03459
2005-07-01,7.48947,3.06716,2.08333
2005-08-01,6.99381,3.64693,2.13306
2005-09-01,6.70023,4.74183,1.92405
2005-10-01,6.44746,4.35010,2.07175
2005-11-01,5.94115,3.33855,2.11800
2005-12-01,5.60533,3.33855,2.11480
2006-01-01,6.75359,4.01879,2.11055
2006-02-01,6.27286,3.63825,2.10632
2006-03-01,6.21627,3.41792,2.09895
2006-04-01,5.91353,3.61384,2.29770
2006-05-01,6.46017,3.97727,2.44389
2006-06-01,5.78290,4.18172,2.64207
2006-07-01,5.53435,4.10467,2.68790
2006-08-01,5.56039,3.92657,2.83441
2006-09-01,5.33684,2.01207,2.93095
2006-10-01,5.09146,1.40633,2.77228
2006-11-01,5.07478,1.96870,2.61728
2006-12-01,5.64742,2.52398,2.61341
2007-01-01,5.14904,2.07577,2.65748
2007-02-01,5.16711,2.42026,2.71857
2007-03-01,5.24258,2.79820,2.50514
2007-04-01,4.91753,2.59292,2.41553
2007-05-01,4.91778,2.70989,2.26777
2007-06-01,4.82958,2.69277,2.18164
2007-07-01,4.35904,2.31789,2.16820
2007-08-01,4.88857,1.89745,2.08849
2007-09-01,5.00992,2.83383,2.10135
2007-10-01,5.20674,3.61070,2.15655
2007-11-01,5.91158,4.37327,2.33879
2007-12-01,5.10629,4.10881,2.43537
2008-01-01,4.79835,4.29470,2.47891
2008-02-01,4.34560,4.14296,2.29708
2008-03-01,4.40713,3.97490,2.38852
2008-04-01,4.42470,3.90376,2.29467
2008-05-01,4.60984,4.08841,2.32222
2008-06-01,4.94808,4.93597,2.39173
2008-07-01,4.45078,5.49751,2.46331
2008-08-01,3.84533,5.30802,2.49812
2008-09-01,2.75569,4.95332,2.43862
2008-10-01,1.53197,3.73106,2.22136
2008-11-01,-0.71013,1.09992,2.01589
2008-12-01,-1.71767,-0.02223,1.76246
2009-01-01,-1.49254,-0.11359,1.67235
2009-02-01,-1.57488,0.00846,1.80098
2009-03-01,-2.61178,-0.44648,1.78761
2009-04-01,-2.95721,-0.57632,1.93233
2009-05-01,-3.36251,-1.01576,1.84613
2009-06-01,-3.28553,-1.22917,1.71197
2009-07-01,-2.93370,-1.95876,1.52710
2009-08-01,-1.68637,-1.48384,1.43397
2009-09-01,-1.86430,-1.37794,1.47984
2009-10-01,-0.57205,-0.22397,1.71273
2009-11-01,1.01667,1.91459,1.71424
2009-12-01,2.56185,2.81412,1.82367
2010-01-01,2.12142,2.62111,1.51234
2010-02-01,2.73703,2.15134,1.34945
2010-03-01,3.91683,2.28617,1.15921
2010-04-01,4.19340,2.20677,0.96751
2010-05-01,4.28122,2.00355,0.94014
2010-06-01,3.84576,1.12156,0.95020
2010-07-01,3.86191,1.34078,0.95775
2010-08-01,3.02876,1.15018,0.91710
2010-09-01,4.02204,1.11831,0.81439
2010-10-01,4.10657,1.16670,0.60272
2010-11-01,4.48541,1.08454,0.67206
2010-12-01,4.16211,1.43779,0.66189
2011-01-01,4.55644,1.70078,0.98353
2011-02-01,4.43062,2.12490,1.12445
2011-03-01,4.56577,2.61924,1.20979
2011-04-01,4.61389,3.07723,1.31554
2011-05-01,4.51874,3.45897,1.45410
2011-06-01,4.53022,3.50232,1.58368
2011-07-01,4.51398,3.57988,1.74148
2011-08-01,4.29995,3.75500,1.96516
2011-09-01,4.41654,3.81262,1.98772
2011-10-01,4.01005,3.52227,2.10792
2011-11-01,3.57691,3.45143,2.13820
2011-12-01,3.31200,3.06207,2.27666
2012-01-01,3.63790,3.00877,2.27735
2012-02-01,4.23695,2.89818,2.15982
2012-03-01,3.52364,2.58288,2.24834
2012-04-01,3.43970,2.27316,2.31443
2012-05-01,3.13525,1.73794,2.25226
2012-06-01,2.75835,1.65387,2.19229
2012-07-01,2.65757,1.41751,2.10996
2012-08-01,2.84364,1.68593,1.93525
2012-09-01,2.98705,1.94972,2.00824
2012-10-01,3.09639,2.15568,1.99465
2012-11-01,3.43858,1.79602,1.95285
2012-12-01,3.35928,1.75950,1.89969
2013-01-01,3.26334,1.68406,1.90980
2013-02-01,2.76048,2.01814,1.98874
2013-03-01,2.69422,1.51875,1.88902
2013-04-01,2.38326,1.13881,1.71556
2013-05-01,2.86005,1.39039,1.64555
2013-06-01,3.22663,1.71579,1.62310
2013-07-01,3.22961,1.88547,1.70022
2013-08-01,3.17113,1.53881,1.78211
2013-09-01,3.06700,1.09473,1.75194
2013-10-01,3.23774,0.87680,1.68684
2013-11-01,3.43609,1.23287,1.74167
2013-12-01,3.68476,1.51284,1.74086
2014-01-01,2.90071,1.55776,1.60703
2014-02-01,3.06807,1.12047,1.55481
2014-03-01,3.82813,1.61269,1.64566
2014-04-01,4.26554,2.01513,1.82106
2014-05-01,4.29003,2.16695,1.94553
2014-06-01,4.55996,2.05898,1.92286
2014-07-01,4.67615,1.97424,1.84496
2014-08-01,5.05935,1.71510,1.73640
2014-09-01,4.76590,1.68405,1.74095
2014-10-01,4.92868,1.60954,1.81763
2014-11-01,4.50941,1.23152,1.74159
2014-12-01,4.33789,0.65312,1.62242
2015-01-01,4.21374,-0.22993,1.63163
2015-02-01,4.12223,-0.08703,1.68808
2015-03-01,3.87125,-0.02203,1.74538
2015-04-01,3.79858,-0.10403,1.80283
2015-05-01,3.96450,0.03503,1.75094
2015-06-01,3.76169,0.17957,1.77727
2015-07-01,3.86832,0.22569,1.83463
2015-08-01,3.44218,0.24130,1.85063
2015-09-01,3.29403,0.00884,1.89710
2015-10-01,2.73691,0.12762,1.91353
2015-11-01,2.80787,0.43632,1.99743
2015-12-01,2.94227,0.63872,2.07151
2016-01-01,3.40855,1.23750,2.14502
2016-02-01,3.61405,0.84728,2.22257
2016-03-01,2.96400,0.89162,2.14243
2016-04-01,3.29590,1.17263,2.15665
2016-05-01,3.07363,1.07848,2.25456
2016-06-01,3.43925,1.07929,2.26221
2016-07-01,3.16865,0.86836,2.17014
2016-08-01,3.16145,1.05532,2.30873
2016-09-01,3.71537,1.54864,2.27112
2016-10-01,3.80882,1.68592,2.20456
2016-11-01,3.78163,1.68433,2.14542
2016-12-01,4.44828,2.05080,2.19712
2017-01-01,4.69386,2.51039,2.25021
2017-02-01,4.25266,2.81036,2.23535
2017-03-01,4.80897,2.44120,2.04585
2017-04-01,4.42215,2.17622,1.89657
2017-05-01,4.10347,1.85634,1.73709
2017-06-01,3.88023,1.64057,1.69912
2017-07-01,3.97125,1.72511,1.67696
2017-08-01,3.96071,1.92812,1.65524
2017-09-01,4.44242,2.18057,1.59539
2017-10-01,4.51154,2.02076,1.75964
2017-11-01,5.02288,2.17249,1.73761
2017-12-01,5.07616,2.12993,1.77017
2018-01-01,4.89601,2.15132,1.89127
2018-02-01,4.96852,2.26347,1.87770
2018-03-01,4.97188,2.33095,2.12278
2018-04-01,5.08155,2.47100,2.15064
2018-05-01,5.56564,2.78192,2.27300
2018-06-01,5.33224,2.80755,2.24552
2018-07-01,5.36443,2.85412,2.26760
2018-08-01,5.41122,2.64292,2.12089
2018-09-01,4.47557,2.33206,2.19768
2018-10-01,4.72653,2.49203,2.12641
2018-11-01,4.59581,2.14733,2.21538
2018-12-01,2.82085,2.00238,2.24853
2019-01-01,2.81027,1.48759,2.17943
2019-02-01,2.74262,1.51886,2.14109
2019-03-01,3.24000,1.88319,2.06656
2019-04-01,3.17884,2.00058,2.09134
2019-05-01,3.13412,1.79591,1.97243
2019-06-01,3.30787,1.67119,2.07460
2019-07-01,3.55640,1.82633,2.16570
2019-08-01,3.65135,1.73764,2.32114
2019-09-01,3.83655,1.68450,2.33001
2019-10-01,3.55675,1.73397,2.33781
2019-11-01,3.64120,2.09229,2.35470
2019-12-01,4.90834,2.31953,2.29060
2020-01-01,5.16240,2.51226,2.27484
2020-02-01,4.92508,2.33974,2.37991
2020-03-01,-3.13973,1.52314,2.10309
2020-04-01,-14.35745,0.34988,1.45002
2020-05-01,-7.59651,0.21622,1.23714
2020-06-01,-2.53002,0.70177,1.17988
2020-07-01,-1.29010,1.01876,1.55462
2020-08-01,-0.66985,1.30060,1.71027
2020-09-01,0.68290,1.37308,1.70658
2020-10-01,0.81253,1.20317,1.62660
2020-11-01,-0.01908,1.16954,1.66411
2020-12-01,0.41041,1.30495,1.62394
2021-01-01,1.56321,1.39510,1.39634
2021-02-01,0.92838,1.67293,1.27561
2021-03-01,13.51845,2.61863,1.64490
2021-04-01,29.65089,4.14874,2.96054
2021-05-01,19.91186,4.92636,3.77946
2021-06-01,14.83842,5.31509,4.41846
2021-07-01,13.06046,5.25758,4.20349
2021-08-01,13.01045,5.17531,3.95059
2021-09-01,11.89969,5.36101,4.02008
2021-10-01,12.99983,6.21904,4.58370
2021-11-01,14.07623,6.86253,4.97320
2021-12-01,13.49430,7.17658,5.50455
2022-01-01,12.23675,7.56977,6.06053
2022-02-01,13.72406,7.94892,6.45242
2022-03-01,9.87380,8.54743,6.47607
2022-04-01,9.18627,8.25186,6.15716
2022-05-01,9.40717,8.53300,6.01755
2022-06-01,8.94869,8.98974,5.90342
2022-07-01,8.70297,8.44982,5.90176
2022-08-01,8.50383,8.21881,6.29980
2022-09-01,8.56826,8.19827,6.64045
2022-10-01,7.83265,7.75194,6.29494
2022-11-01,6.87449,7.11947,5.96310
2022-12-01,6.81223,6.41150,5.68051
2023-01-01,7.94027,6.36212,5.54302
2023-02-01,7.62837,5.96552,5.49348
2023-03-01,6.27194,4.93509,5.56011
2023-04-01,6.08475,4.94106,5.51572
2023-05-01,5.88445,4.12069,5.33225
2023-06-01,5.32991,3.05326,4.85522
2023-07-01,5.91807,3.27178,4.70760
2023-08-01,5.42273,3.71872,4.41280
2023-09-01,5.54651,3.69406,4.14370
2023-10-01,4.99858,3.24579,4.02170
2023-11-01,5.53919,3.13948,4.01509
2023-12-01,5.94474,3.32316,3.91012
2024-01-01,4.52341,3.10598,3.87468
